job_title,company_name,job_description,Source Platform,URL,Date Collected,job_id,is_scam_job
Board Certified Behavior Analyst (BCBA),Tilly Partners,"Private practice creation: If you donâ€™t already own a practice, weâ€™ll help you get started quickly and efficiently.
Full software suite including Practice Management, Scheduling, Data collection, Electronic Health Records, Billing, Digital Onboarding, and Mobile Applications for your clients and your RBTs.
Broad market access â€“ we're in-network with 100+ insurance providers ranging from large commercial payers to local health plans.
Get paid up front for every patient session â€“ no waiting on insurance approvals or worrying about claim denials.
Payroll facilitation: We take payroll off your plate â€“ if you want. Our streamlined system ensures that your staff are paid accurately and on time, every time.
Your role:
Create and manage your own company: Choose your hours, select your clients, and define your care delivery methods. We celebrate individuality and empower you to tailor your practice.
Hiring your RBTs: Recruit and lead your team of RBTs. We trust your judgment in hiring professionals who share your dedication to quality care.
Providing care to your patients: At the heart of it all is your role in providing exceptional care. Make a real difference in the lives of those affected by autism.
Use the apply button to schedule an introductory call with us!
Tilly - Empowering providers to deliver life-changing care on their terms

Job Type: Contract
Pay: Up to $150,000.00 per year
Benefits:
Flexible schedule
Referral program
Schedule:
Choose your own hours
Work Location: Remote",Indeed,https://www.indeed.com/jobs?q=remote+work+from+home&l=South+Bend%2C+IN&from=searchOnHP%2CsearchSuggestions%2CwhatautocompleteSourceStandard%2Cwhereautocomplete&vjk=db544b513f69f89c,24-Jun-25,1243,FALSE
Data Scientist - AI Trainer,DataAnnotation,"Pay
From $40 an hour
Job type
Contract
Shift and schedule
Choose your own hours

Benefits
Pulled from the full job description
Flexible schedule

Full job description
We are looking for proficient programmers to join our team to train our AI chatbots to code. You will work with the chatbots that we are building in order to measure their progress, as well as write and evaluate code.
To apply to this role, you will need to be proficient in either Python and/or JavaScript. Your role will require proficiency in at least one programming language/framework (JavaScript, TypeScript, Python, C, C#, C++, HTML/CSS, React, Go, Java, Kotlin, SQL, or Swift) in order to solve coding problems (think LeetCode, HackerRank, etc). For each coding problem, you must be able to explain how your solution solves the problem.
As part of the application process, you will be asked to complete an assessment. If you pass, you will gain access to projects. Based on the quality of your work, you will continue to receive projects regularly. We find our most successful candidates work between 5-20 hours per week, up to 40 hours.

Benefits:
This is a full-time or part-time REMOTE position
Youâ€™ll be able to choose which projects you want to work on
You can work on your own schedule
Projects are paid hourly, with bonuses on high-quality and high-volume work
Responsibilities:
Come up with diverse problems and solutions for a coding chatbot
Write high-quality answers and code snippets
Evaluate code quality produced by AI models for correctness and performance

Qualifications:
Fluency in English
Proficient in either Python and/or JavaScript
Detail-oriented
Excellent writing and grammar skills
A bachelor's degree (completed or in progress)
Note: Payment is made via PayPal. We will never ask for any money from you. PayPal will handle any currency conversions from USD. This job is only available to those in the US, UK, Canada, Australia, or New Zealand. Those located outside of these countries will not see work or assessments available on our site at this time.

Work Location: Remote",Indeed,https://www.indeed.com/jobs?q=remote+work+from+home&l=South+Bend%2C+IN&from=searchOnHP%2CsearchSuggestions%2CwhatautocompleteSourceStandard%2Cwhereautocomplete&vjk=8dc224ad4acf6cd4&advn=7831672186689475,24-Jun-25,1244,FALSE
Sr Data Scientist,Health Care Service Corporation,"Pay
$90,900 - $164,200 a year
Job type
Full-time

Full job description
At HCSC, our employees are the cornerstone of our business and the foundation to our success. We empower employees with curated development plans that foster growth and promote rewarding, fulfilling careers.
Join HCSC and be part of a purpose-driven company that will invest in your professional development.
This position is responsible for providing advanced mathematical and statistical methods to solve business problems, with minimal direction from leadership. Senior data scientists collect, integrate and analyze data from sources related to health status and outcomes for our members, characteristics of health care providers, internal business processes, and other domains. Senior data scientists perform complex statistical analysis on experimental or business data to validate and quantify trends or patterns identified by business analysts. Senior data scientists select and adapt machine learning and probabilistic modeling methods to construct predictive algorithms to support data analysis or product functions. They verify model and algorithm effectiveness based on real-world results. Senior data scientists design experiments and methodologies to generate and collect data for business use. Senior data scientists create visualizations, interactive analytical applications and interpretive artifacts to support business application of data science findings. Senior data scientists represent the perspective of the data science team on cross-functional teams and contribute to consequential decisions. NOTE: This hybrid role (3 days in office) can be in CHICAGO IL or RICHARDSON TX

Required Job Qualifications:
Bachelorâ€™s degree and 3 years of work experience in a mathematical, statistical, computer science, engineering, physics, economics or related quantitative field; OR Actuarial credential; OR Masterâ€™s degree and 2 years of work experience in a mathematical, statistical, computer science, engineering, physics, economics or related quantitative field; OR Ph.D. in a mathematical, statistical, computer science, engineering, physics, economics or related quantitative field; OR 7 years experience in a mathematical, statistical, computer science, engineering, physics, economics or related quantitative field.

To learn more about available benefits, please click https://careers.hcsc.com/totalrewards",Indeed,https://www.indeed.com/jobs?q=data+scientist&l=Chicago%2C+IL&from=searchOnHP%2Cwhatautocomplete%2CwhatautocompleteSourceStandard%2Cwhereautocomplete&vjk=983fdff5eec8940a,24-Jun-25,1245,FALSE
Staff Machine Learning Scientist,Tempus,"Pay
$200,000 - $260,000 a year
Job type
Full-time
Encouraged to apply
Fair chance

Benefits
Pulled from the full job description
Health insurance
RSU

Full job description
Passionate about precision medicine and advancing the healthcare industry?
Recent advancements in underlying technology have finally made it possible for AI to impact clinical care in a meaningful way. Tempus' proprietary platform connects an entire ecosystem of real-world evidence to deliver real-time, actionable insights to physicians, providing critical information about the right treatments for the right patients, at the right time.

What Youâ€™ll Do:
Focus: Contribute to the design of the core architecture of LMMs and building of the infrastructure for training it at scale.
Responsibilities: You will contribute to the following activities:
Design and definition of the architecture of the LMMs, considering different fusion strategies and modality-specific processing.
Implement, refine, benchmark and optimize model architectures using deep learning frameworks such as PyTorch or TensorFlow.
Develop and manage the end-to-end training pipelines, including data loading, preprocessing, and model training. Architect and deploy distributed training workflows, optimizing for performance across cloud GPU fleets.
Implement distributed training strategies to handle large-scale datasets and models.
Design and implement methods to fuse knowledge with the multimodal representations within the LMM.
Experiment with different approaches to enhance the model's understanding and reasoning abilities through knowledge integration.
Monitor and debug training processes, identifying and resolving performance bottlenecks.
Collaborate with the knowledge integration engineer to ensure the architecture can accommodate knowledge injection mechanisms.

Skills needed:
Deep understanding of deep learning principles and architectures (especially transformers).
Extensive experience with multimodal machine learning concepts and techniques (for example, different fusion methods for text and images). Solid understanding of optimization techniques for large-scale models.
Strong proficiency in Python and deep learning frameworks (PyTorch/TensorFlow) and model management libraries like HF Transformers.
Experience with training large multimodal models with distributed training frameworks (for example, Horovod, MosaicML) and GPU fleet management.
Strong understanding of knowledge representation concepts (for example, knowledge graphs, ontologies).
Experience with distributed training frameworks and cloud computing platforms (for example, GCP, Azure).
New York Pay Range - $220,000 - $260,000 USD
California Pay Range - $220,000 - $260,000 USD
Illinois Pay Range - $200,000 - $240,000 USD
Remote - USA Range - $200,000 - $240,000 USD
",Indeed,https://www.indeed.com/jobs?q=data+scientist&l=Chicago%2C+IL&radius=25&from=searchOnDesktopSerp&vjk=6d7901bb5e89c304,24-Jun-25,1246,FALSE
AI Architect,Sinclair community college,"Pay
$112,144 - $141,302 a year
Job type
Full-time
Shift and schedule
8 hour shift
Monday to Friday

Location
Estimated commute
Add your address to estimate commute
Job address
Dayton, OH 45402â€¢Hybrid work

Benefits
Pulled from the full job description
401(k)
Dental insurance
Employee assistance program
Flexible spending account
Health insurance
Health savings account
Life insurance

Full job description
At Sinclair, we are guided by our Core Values, which shape our culture and drive our success:
Accountable to our students, the community and one another.
Collaborative in working together to achieve excellence in education and service to our community.
Compassionate in fostering a supportive environment where every individual feels valued.
Inclusive so that a college education is accessible to everyone, and all individuals feel heard, valued and respected.
Innovative to inspire creativity and drive transformative change.

The AI Architect leads the design, development, and implementation of the AI strategy and solutions across the College. The AI Architect will be responsible for defining the overall architecture of AI systems, selecting appropriate technologies, ensuring scalability, security, and seamless integration with existing infrastructure. This role requires a deep understanding of AI principles, cloud computing, data architecture, and the ability to translate complex business requirements into robust and innovative AI solutions. The ideal candidate will possess strong technical leadership skills, excellent communication abilities, and a passion for driving transformative change through AI.
The potential minimum compensation for this position begins at $112,144.00 and is determined commensurate with education and experience.
",Indeed,https://www.indeed.com/jobs?q=ai&l=&radius=25&from=searchOnDesktopSerp%2Cwhatautocomplete%2CwhatautocompleteSourceStandard&cf-turnstile-response=0.G-78Uzuy3KrbvjUhs-tzprlsRo0lzcUXyIsKNnBhqog9tdjItj0A0RrMhQZfBQPGtDygsovz4oV4a-SyxxH_zWCf2oKseQQJwiIxLM-WoM2M_G-HOSus4tjroi38Q4FMh9tYiqLh4AvxNWJJkFVPupi0kdLDTOul6T19vkMwzQP5_-U1JIo5Gan8c-W3FYsCwLhEBpQqs5HmOeHzGV90tVZYTY8M2aVJOB6N10lRNSLqfEGShzhRI0cCOGSld3NtKdMZVjCzxrHfPUPkzIlO8wK9CyBzw3X-TUEUL_JXxaSx-Un5FDaRUbe3wd70fYe_DWuXGq14lkACNifn6VHgb2p8MwyWyC32Z5bE1V4rWfpfrmKZUFcfpMYcpYiee3DdZytKc5hQL2wdU02jQEfxpWhlXRTPiAYp4k5PGNp0s6SKNCRb6B695nNm9yBihC7qjOVq_Y0zj_cnd1P5YwiLPak0DantAJg7cGIrfWNbV98ClvUEI049UYeGw1JHyDKVOEnVqpkeXSd6-cS4s9tz7YJ1tU8LtBn4msphzqSxw0EbcqjAwzg0kR90RcfnWs4Yr438Ut5fzxCLw01ow7A5En6LGD_yHhaeab_0-XBEoTKw_4TGru13v3TxPpYUxPBDr5Cp3L3EUJlzVedCi_BVm-DGmp9BA_dRKPumoRweeWwwbD6bSLnaT1Zu_orfubSmklpjO4JpC9reAH1p6sN8u1453Agt1giW1NzjGYf3QFPavOHVwx6qWvJ7QG-VNdaS30XRS367uKsWB10pqvZA8YCNCDCH2MiSTGoa918qdxihV9h8-wGmrO1rmk64PPDGLhbWSX6hKzkteWYnm_uf7MumRivSGcMefUe1wlVOl1RXRUXNBLAYvw7V2jOkhVz6zrOGjyzEMwQnySLlYoKpr4CfBb9Zyz228BbIBEiyhek.wx_29TS8sbBvbT71cC5AOg.d2953e1cb01876873e65188ebdcabc97b459d61e56c921e631d616788088904e&vjk=f8db139718cb3c8b,"June 25,2025",1246,FALSE
"Part-Time Online Math Teacher",Bilin Academy,"Role Description
This is a contract, remote role for an Online Math Teacher at Bilin Academy. The teacher's primary responsibilities include delivering coursework to students in an online virtual classroom.

Qualifications
A Bachelor's degree in Mathematics, Education, or a related field
A minimum of 2 years of K-12 teaching experience
Strong math background preferred
Ability to teach competitive math levels preferred
Demonstrated ability to implement interactive and engaging teaching methods in an online environment
Excellent communication and interpersonal skills
A strong commitment to student learning and success
An understanding and appreciation of cultural diversity in the classroom
Experience in creating learning materials and curriculum design is a plus

Responsibilities
Plan, prepare, and deliver instructional activities that facilitate active learning experiences
Provide a variety of learning materials and resources for use in educational activities
Evaluate students' performance and development
Assign and grade class work, homework, tests, and assignments
Provide appropriate feedback on work
Encourage and monitor the progress of individual students
Manage student behavior in the virtual classroom by establishing and enforcing rules and procedures

Why Join Bilin Academy?
Be part of an innovative international educational platform
Work remotely with flexible hours
Contribute to the development of multilingual global citizens

If you are passionate about teaching math and excited about the opportunity to work in a dynamic, international environment, we encourage you to apply!
",LinkedIn ,https://www.linkedin.com/jobs/view/4256172526/,6/26/2025,1248,FALSE
Math Teacher , MiaPrep Online High School (MOHS),"Location: 100% remote within the U.S. (any U.S. time zone)
Classification: Full-time, non-exempt employee
Salary: $31.36 - $37.95 per hour

Welcome to Miaplaza!

Our vision is to elevate online learning by applying the most successful approaches in virtual education to create an accessible and inclusive homeschool curriculum platform where all students can be successful!
MiaPrep Online High School (MOHS) is our online high school for students grades 7-12. Formed in 2022 and accredited in 2023, weâ€™ve grown from 80 students our first year to over 530 in 2025! Miaplazaâ€™s leadership aims to continue this high-growth trajectory, with a goal of serving 10,000+ students in the next 5-10 years! ðŸš€

Weâ€™re seeking a passionate and resourceful High School Math Teacher to join our team. This is a fully remote, asynchronous teaching role that emphasizes student support, feedback, and mentorship rather than live instruction. Teachers at MOHS do not create lesson plans or deliver live classes; instead, they guide students through our self-paced curriculum on MiaPrep.com, providing coaching, small-group tutoring, and in-depth feedback on summative assignments. In addition to their teaching responsibilities, all MOHS teachers also serve as Academic Advisors to a caseload of up to 30 students, building relationships and helping students meet their goals.
See an example of a Math lesson from MiaPrep!

A Day in the Role:
Grading and Feedback: Efficiently evaluate students' assignments for various subjects, such as Prealgebra, Algebra 1 & 2, Geometry, Precalculus, Calculus, Trigonometry, and Statistics, providing comprehensive feedback to aid their learning and development.
Group Tutoring: Host weekly virtual group tutoring several times per week to clarify curriculum concepts, address questions, and offer additional support for Math topics and assignments.
Academic Advising: Maintain a caseload of students for whom you will provide academic advising, including quarterly check-ins, and in some cases, targeted support plans.
Tiered Support: Identify struggling students and, together with the Student Support Specialist and Academic Counselors, proactively provide tiered support solutions to enhance their academic performance.

Careers page: https://careers.miaplaza.com/
Individuals only, no recruitment agencies.",LinkedIn ,Miaplaza - Math Teacher for MiaPrep Online High School (MOHS),6/26/2025,1249,FALSE
SAP Business One Consultant,Visionet Systems Inc.,"SAP Business One (B1) Consultant will be responsible for delivering SAP Business One and related solutions varying in size and complexity, across different domains (manufacturing, supply chain, sales, finance, quality, and EDI). This position will lead the initial deployment of the company data systems, ongoing optimization, and incremental functionality. Main responsibilities include gathering business requirements, conducting process mapping workshops, documenting technical specifications, SAP Business One configuration, training, testing, and deployment of the solution.

Position Responsibilities:
Define the project scope, including project plans, deliverables, RAID logs, risk mitigation, and budget.
Align deliverables, costs, and timings to the needs of the key business stakeholdersâ€™ requirements, including auditing of deliverables.
Must be able to work on-site at the Companyâ€™s manufacturing facility in Litchfield, MI (3-4 days a week) and other manufacturing and R&D facilities in Ypsilanti, MI and Detroit, MI next year.
Ability to collaborate successfully with Companyâ€™s leadership team and business process owners. Focus on delivering business goals and not just SAP system implementation.
Own the change management and transition of new functionality to operations.
Interface with the ERP implementation partner and consultants to ensure that they deliver SAP and related solutions on time and within budget.
Must have the vision to implement SAP Business One across Companyâ€™s Business Systems and its integration into other mission critical systems including MES, Data Analytics, FeneVision, and other ancillary systems.
Experience with implementing SAP Business One across multi-site/multi-year manufacturing facilities while keeping system implementation cost, scalability, and user-adoption in mind.
Reporting, analyzing, and resolving issues related to the implementation, stakeholders,
and project operations that may impact service quality, ensuring that stakeholders
problems are resolved properly and quickly.
Identifying process inefficiencies and compliance issues, and implementing solutions

Position Requirements:
5+ years of hands-on SAP Business One experience with all modules including Finance, CRM, Sales, Purchasing, Master Data, Inventory, and Production Planning. Initial focus will be CRM module implementation but must be proficient in other areas of SAP B1.
Looking for a resource who is an expert on SAP B1 CRM including: Sales Tracking, Opportunities Tracking, and others.
Must have a strong background in manufacturing and supply chain operations.
5+ years system integration experience.
Demonstrated experience partnering with Business teams and Functional teams to drive business results.
Excellent verbal and written communication skills. Excellent presentation skills.
Organized and able to function successfully in a team environment.
Excellent technical, organizational, troubleshooting, problem solving, budgeting and time management skills.
Bachelor's degree in a technical or business-related field.",LinkedIn,https://www.linkedin.com/jobs/view/4256817827/,6/26/2025,1250,FALSE
"Senior Data Scientist, Research, Ads Insights, Measurement",Google,"Minimum qualifications:
Master's degree in Statistics, Data Science, Mathematics, Physics, Economics, Operations Research, Engineering, or a related quantitative field.
5 years of work experience using analytics to solve product or business problems, coding (e.g., Python, R, SQL), querying databases or statistical analysis, or 3 years of work experience with a PhD degree.

Preferred qualifications:
8 years of work experience using analytics to solve product or business problems, coding (e.g., Python, R, SQL), querying databases or statistical analysis, or 6 years of work experience with a PhD degree
Experience working on applied data science problems in Ads (e.g. targeting, bidding, ranking, etc.)
Experience with Deep Learning.

About The Job
Data scientists in our team bring scientific excellence and statistical methods to bear on the challenges of advertising product creation, development and improvement with a deep, data-driven appreciation for the behaviors of the end user and the ecosystem. As a Data Scientist working on Ads Insights and Measurement, you will develop, evaluate and improve the entire range of Google's advertising products including Search, Display, Apps, TV and Video (YouTube). You will collaborate with a multi-disciplinary team of engineers, analysts and product managers to develop new science and to translate it into deployed products at scale. You will also play a key role in developing new ideas and methods that drive Ad measurement and generate business, including paradigm-shifting Ad-measurement science and products for the privacy-preserving future of digital advertising. In doing so, you will be a key part of building and driving impact on large-scale ad-systems both at Google and in the Ad-tech and mar-tech industry as a whole, globally.

You will have a broad set of technical skills who are ready to take on some of modern advertisingâ€™s greatest challenges and make an impact on the entire global ads ecosystem. You will be quantitatively trained (advanced Master's or PhD) with expertise in quantitative methodologies, and with an understanding of statistics and causal inference methods. You will be able to leverage your training and your skills to leverage data and technology to make business decisions. They will be comfortable working cross-functionally and thrive in a fluid, science-driven organization.

The US base salary range for this full-time position is $166,000-$244,000 + bonus + equity + benefits. Our salary ranges are determined by role, level, and location. Within the range, individual pay is determined by work location and additional factors, including job-related skills, experience, and relevant education or training. Your recruiter can share more about the specific salary range for your preferred location during the hiring process.

Please note that the compensation details listed in US role postings reflect the base salary only, and do not include bonus, equity, or benefits. Learn more about benefits at Google .

",LinkedIn,"(5) Senior Data Scientist, Research, Ads Insights, Measurement | Google | LinkedIn",6/26/2025,1251,FALSE
"Data Analyst ",Tailscale,"About Tailscale
Tailscale is building the new Internet by delivering software that makes it easy to securely interconnect people and their devices, no matter where they are. From hobbyists to multinational corporations, teams of every size use Tailscale each day to protect their networks, share access to internal tools, and more. We're building a future for the Internet that's easy, sensible, and safe, like it used to be. Founded in 2019 and fully distributed, we're backed by Accel, CRV, Insight, Heavybit, and Uncork Capital.

Job Description
Weâ€™re seeking a talented and motivated full-time Data Analyst to join our team. Weâ€™re looking for a key member of the team to own Data and Analytics to power the rest of the company and contribute to our data culture.

You will play a pivotal role in transforming data into actionable insights that drive key business decisions and product strategies. This is a cross-functional role, working closely with Sales, Revenue Operations, Support, Marketing, and other teams to translate data into meaningful narratives, and self-service tools that improve operational efficiency and drive growth.

Youâ€™ll help internal teams across the business make decisions using data and visualizations. The ability to think on oneâ€™s feet, enjoy collaborating with highly technical teams, and be comfortable working asynchronously is essential.

Key Responsibilities
Advise the go-to-market team with key insights based on data to identify and support opportunities for growth
Analyze sales pipeline, conversion rates, and customer acquisition metrics to identify trends and opportunities. 
Develop and automate reporting workflows to improve team efficiency. 
Create and maintain documentation of data sources, metrics definitions, and analysis methodologies. 
Collaborate with stakeholders to define KPIs and success metrics for GTM initiatives, including product-led growth metrics (user acquisition, activation, retention, etc.) by developing data strategies to provide these insights. 
Provide regular insights and recommendations to the leadership team. 

CAN Pay Ranges
$156,512â€”$195,640 CAD

Frequently cited statistics show that people who identify with historically marginalized groups are likely to apply to jobs only if they meet 100% of the qualifications. We encourage you to help us break that statistic!

",LinkedIn,https://www.linkedin.com/jobs/view/4187596034/,6/26/2025,1252,FALSE
"Business Administrator 1 
",Northwestern University,"Department: MCC Engg Sci & Applied Math
Salary/Grade: EXS/6

Job Summary
Administers operational, financial, & business functions in support of the area/unit's mission & in coordination with central offices such as HR, Budget, Facilities, IT, & Provost. Implements existing policy & ensures the effective, compliant, & efficient completion of daily administrative operations. May represent business area on internal &/or external administrative affairs by exchanging information.

The Business Administrator (BA) is the senior administrative position in the Engineering Sciences & Applied Mathematics (ESAM) department within the McCormick School of Engineering. This position provides thought leadership in reviewing & recommending policy & procedure designed to enhance operational excellence. Ensures the effective, compliant, & efficient daily management of all operational, financial, & business functions. These areas include: budget and accounting; payroll, purchase and expenses transactions; involvement in the management of sponsored accounts; staff management, recruitment, training and performance; graduate & undergraduate student administration; space, safety and facilities projects; and general business office management. Under the general direction of the department Chair and in collaboration with deans, the BA supports the areaâ€™s mission and exercises independent judgment based on university, school and organization policies and procedures. Represents department on internal & external administrative affairs by recommending alternatives & suggestions.

Areas of Responsibility:
Coordination & administration of at least 4 of the following:
Budget & Financial 
Communications & Outreach 
Faculty Support 
Grants & Contracts 
Human Resources
Work Complexity

EE uses some judgment to adapt an advanced knowledge of skills, methods, practices, policies &/or procedures & a moderate degree of innovation, analysis & reasoning to complete work that is somewhat project oriented & involves some complex problems &/or decisions. 
EE administers policy.

Target hiring range for this position will be between $56,782 - 70,000 per year. Offered salary will be determined by the applicantâ€™s education, experience, knowledge, skills and abilities, as well as internal equity and alignment with market data.

Northwestern University is an Equal Opportunity Employer and does not discriminate on the basis of protected characteristics, including disability and veteran status. View Northwesternâ€™s non-discrimination statement. Job applicants who wish to request an accommodation in the application or hiring process should contact the Office of Civil Rights and Title IX Compliance. View additional information on the accommodations process.",,https://www.linkedin.com/jobs/view/4188486983/,6/26/2025,1253,FALSE
Internship,Emirates,"Job Purpose
Are you ready to embark on an exhilarating journey into the world of aviation?

If you're a university student with a passion for learning and a drive to make an impact, the Emirates Group Internship Program is your gateway to a dynamic and rewarding career in the aviation industry.

Our Internship Program
Designed specifically for university students, this program offers a unique opportunity to gain hands-on experience across various departments within the Emirates Group. Itâ€™s more than just an internship â€“ itâ€™s your chance to explore real-world challenges, contribute to meaningful projects, and develop both professionally and personally.

Why Emirates?
At Emirates Group, we believe in connecting the world to and through our global hub in Dubai, and we are committed to constant innovation to ensure our customers Fly Better.
Our Internship Program gives you the chance to gain meaningful, hands-on experience across a wide range of business areas. Itâ€™s designed to help you explore potential career paths, build your skills in a dynamic environment, and make a real impact as you prepare for the professional world.
This role is designed for students who are looking to develop essential employ ability skills in a short time frame.

Qualification
Copy of University Transcript
An official university letter is required to be attached along with the CV.

Skills Required
Experience in general administration
Strong communication skills
Teamwork and collaboration abilities
Analytical and problem-solving skills
Proficiency in Microsoft Office (Word, Excel, PowerPoint)

Each student will be expected to use their initiative and engage in self-directed learning within a supportive environment. This will help them develop their skills and gain a strong understanding of the department, policies, and procedures, enabling them to make a positive contribution to the team and service delivery. Upon completion of the internship, a certification of completion will be awarded.

Salary & benefits
This is a skill-building internship opportunity offered without financial compensation.",LinkedIn,https://www.linkedin.com/jobs/search/?currentJobId=4254325656&keywords=hiring&origin=SWITCH_SEARCH_VERTICAL,6/28/2025,1254,FALSE
Swift Coders - AI Training,Braintrust,"About the job
* Swift, Python, Java, Go, Verilog, Typescript, Javascript, C++, or C# coding experience required

This is a great opportunity to supplement your income while looking for longer or more full-time work, all while contributing to the development of new AI models using your domain expertise!
Our client has hired over 1,000 Braintrust talent and intends to hire hundreds more!
Many Braintrust coders earn over $12,000 per month!

Youâ€™ll have the flexibility to work as much or as little as you choose - 20hrs/week is suggested, but not a limit. Start working in as little as 48 hours. Your final hourly rate will be chosen by Outlier AI and determined by your location.

What to expect: If qualified, youâ€™ll be invited to complete a brief questionnaire that takes 3-5 minutes. If you successfully pass the questionnaire, youâ€™ll be approved and able to begin work ASAP.

Required qualifications:
Proficiency working one of the following languages: Swift, Python, Java, Go, Verilog, Typescript, Javascript, C++, or C#
Complete fluency in the English language is required. You should be able to describe code and abstract information in a clear way.

Preferred qualifications:
Bachelor's and/or Master's degree in Computer Science or equivalent. Students are welcome.

Note: Outlier AI is partnering with Remotasks for this opportunity",LinkedIn,https://www.linkedin.com/jobs/search/?currentJobId=4233233382&f_E=3&f_WT=2&keywords=hiring&origin=JOB_SEARCH_PAGE_SEARCH_BUTTON&refresh=true,,1255,FALSE
Entreprenuer in Residence,Revolut,"About Revolut
People deserve more from their money. More visibility, more control, and more freedom. Since 2015, Revolut has been on a mission to deliver just that. Our powerhouse of products â€” including spending, saving, investing, exchanging, travelling, and more â€” help our 60+ million customers get more from their money every day.

As we continue our lightning-fast growth,â€Œ 2 things are essential to our success: our people and our culture. In recognition of our outstanding employee experience, we've been certified as a Great Place to Workâ„¢. So far, we have 10,000+ people working around the world, from our offices and remotely, to help us achieve our mission. And we're looking for more brilliant people. People who love building great products, redefining success, and turning the complexity of a chaotic world into the simplicity of a beautiful solution.

About The Role
At Revolut, weâ€™re passionate about launching unique products and expanding our overall global financial ecosystem.
Weâ€™re looking for an Entrepreneur in Residence who shares our continuous, innovative approach to identify, launch, and scale new products (new bets) at 10x speed.
Youâ€™ll work on some of our toughest, most ambitious new products and own the entire journey, from business strategy and product development, to GTM planning and execution.
If youâ€™re a visionary entrepreneur with experience building products from the ground up and are passionate about doing it again, letâ€™s get in touch ðŸš€

What You'll Be Doing
Developing a new product (bet) from scratch, or leading the turnaround of an existing non-performing bet
Owning the full product P&L, from product strategy and revenue model to growth and optimisation
Managing the product journey, from ideation, through design and development, to launch, growth, and maintenance
Holding the team accountable to a high-talent standard through high-quality hiring, setting up team goals and roadmaps, and performing regular 1:1s
Collaborating with different stakeholders across the company, including Design, Engineering, Marketing, Legal, and FinCrime, to ensure effective delivery of new bets

What You'll Need
A degree in STEM or another highly quantitative field from a top-tier university
4+ years of experience in a fast-paced environment at a high-growth tech startup, top-tier strategy consulting firm, investment bank, or similar
2+ years of startup experience as a founder or co-founder
Hands-on experience developing and launching tech/digital products from scratch in core functions, such as Product, Engineering, Strategy & Operations, etc.
A solid track record of hiring and directly managing a team of 10+ individuals
Exceptional analytical and structured problem-solving skills

Nice to have
Experience raising funding for your startup from a recognised PE/VC, or admitted to Y Combinator
A masters degree from a top-tier university
Hands-on coding experience with SQL, Python, or R
Experience or an interest in financial services

Important notice for candidates:
Job scams are on the rise. Please keep these guidelines in mind when applying for any open roles.
 Only apply through official Revolut channels. We donâ€™t use any third-party services or platforms for our recruitment.
 Always double-check the emails you receive. Make sure all communications are being done through official Revolut emails, with an @revolut.com domain.
We won't ask for payment or personal financial information during the hiring process. If anyone does ask you for this, itâ€™s a scam. Report it immediately.

",LinkedIn,https://www.linkedin.com/jobs/search/?currentJobId=4252979795&f_E=2%2C3%2C4%2C5%2C6&f_WT=2&keywords=hiring&origin=JOB_SEARCH_PAGE_JOB_FILTER&refresh=true,,1256,FALSE
Quantitative Researcher,Fuse Energy,"About the job
We are currently seeking a quantitative researcher with a strong background in statistics to join our team. The role will be responsible for developing and implementing models for our energy supply business. As a quant researcher, you will work closely with our engineering team to ensure the accuracy and effectiveness of our models.

Responsibilities:
 Develop and implement models for our energy supply business using Python and other data science tools
 Identify, analyze, and mitigate credit risk
 Conduct data analysis and modeling to support risk management decisions
 Stay current with industry developments and regulations related to credit risk management

Requirements
 2+ years of experience as a quantitative researcher or data scientist
 Strong programming skills in Python and experience with data science tools such as Pandas, NumPy, and SciPy
 Strong statistical and modeling skills
 Strong communication and collaboration skills
 Experience in the energy industry is a plus

Benefits
Competitive salary and a stock options sign-on bonus
Biannual bonus scheme
Fully expensed tech to match your needs!
28 days paid annual leave per year including public holiday",LinkedIn,https://www.linkedin.com/jobs/search/?currentJobId=4231733769&f_E=2%2C3%2C4%2C5%2C6&f_WT=2&keywords=hiring&origin=JOB_SEARCH_PAGE_JOB_FILTER&refresh=true,,1257,FALSE
Business Development Associate,CertiK,"About The Company
One of the fastest-growing and most trusted companies in blockchain security, CertiK is a true market leader. To date, CertiK has worked with over 3,200 Enterprise clients, secured over $310 billion worth of digital assets, and has detected over 60,000 vulnerabilities in blockchain code. Our clients include leading projects such as Aave, Polygon, Yearn, and Chiliz.
Investors = Insight Partners, Sequoia, Tiger Global, Coatue Management, Lightspeed, Advent International, SoftBank, Hillhouse Capital, Goldman Sachs, Shunwei Capital, IDG Capital, Wing, Legend Star, Danhua Capital and other investors.

About You
Youâ€™re a self-starter. You believe in tackling the most important problems, even if they are the most difficult problems. Youâ€™re comfortable with the unknown and understand that startup life means that youâ€™re going to be wearing multiple hats. And thatâ€™s what motivates you. Youâ€™re accountable and obsessed with improvement, both in yourself and in others. Youâ€™re up to the challenge of building a world-class company that aims to be the infrastructure for more secure software for all.

Responsibilities
Manage existing relationships and find opportunities for growth
Coordinate and lead advertising-like campaigns, including preparation, launch, and performance reporting
Conduct presentations and product demos over the web and in person
Communicate with a broad range of internal and external stakeholders

Requirements
BS in Computer Science / Economic/ Marketing / Business related fields
At least 1 year of BDR/SDR experience with enterprise SaaS/Blockchain
Experience building a pipeline by qualifying leads and developing opportunities
The initiative to seek out new ways of finding opportunities i.e. discord, telegram
Ability to easily understand and pitch new products and technology, focusing on value proposition
Naturally curious and an eagerness to learn
Take ownership of executing strategic and value-added relationships and partnership aligned with our product roadmap
Ability to quickly adapt to change in a fast-paced environment
Unafraid to fail and quickly owns up to it

CertiK is proud to offer medical, vision, and dental insurance, 401(k) plan with company matching, life and accidental death and dismemberment insurance, HSA (with high deductible plan), FSA, and other benefits to all full-time employees, along with flexible paid time off and holidays. CertiK also offers a variable commission program for business development sales roles.

In compliance with federal law, all persons hired will be required to verify identity and eligibility to work in the United States and to complete the required employment eligibility verification form upon hire.

",LinkedIn,https://www.linkedin.com/jobs/search/?currentJobId=4007097365&f_E=2%2C3%2C4%2C5%2C6&f_WT=2&keywords=hiring&origin=JOB_SEARCH_PAGE_JOB_FILTER&refresh=true,,1258,FALSE
2025 Fall Intern,Samsung Resaerch America,"About the job
Lab Summary: Samsung AI Research Center (SAIC) located in Mountain View, California, is currently recruiting outstanding research interns for the Vision Intelligence lab. Our goal is to perform long-term research with potential for direct impact on future Samsung products reaching hundreds of millions of users worldwide. We are focused on pushing the state-of-the-art in multimodal understanding, generation, editing, long-term planning and tool use. Our team is dedicated to developing state-of-the-art generative AI models with a focus on diffusion models and multimodal content generation. We aim to advance foundational AI research and achieve groundbreaking results in image generation, video generation, and 3D generation.

Position Summary: We are looking for Fall Interns (Flexible 3â€“6 months between September-December). Interns will work on one or more of the following cutting-edge areas:
3D consistent and user-controllable video generationâ€“ Creating algorithms to ensure temporal and spatial coherence in generated videos, with interactive user controls. This will involve coming up with architectures and algorithms that ensures plausible physics being correctly represented by generative models.
3D scene reconstructionâ€“ Advancing techniques for generating high-quality, structured 3D environments from images, or video inputs. This project will involve efficient and accurate scene reconstruction while utilizing limited number of images or video sequence.
Efficient and accurate inference of diffusion modelsâ€“ Developing novel techniques to accelerate inference while maintaining generation quality of date (images and videos). This will involve coming up with novel algorithms, architectures, and paradigms allowing faster inference/training of diffusion models.
Interns will have the opportunity to propose ideas for the projects and lead the research that at least roughly follow the topics mentioned above.

Position Responsibilities
Conduct research in deep learning and generative AI, focusing on foundational models for image, video, and 3D generation
Develop novel architectures and optimization techniques for diffusion models and related generative approaches
Implement and experiment with scalable AI models on large-scale datasets using high-performance computing resources
Collaborate with a world-class team of researchers and engineers, with opportunities to publish in top AI conferences.

Required Skills
Currently pursuing a PhD or Masterâ€™s degree in Computer Science, AI, Machine Learning, or a related field
Strong background in deep learning, diffusion models, and generative AI
Experience with PyTorch, and familiarity with large-scale model training
Passion for pushing the boundaries of AI research and solving complex challenges

Special Attributes
Strong publication record in top AI/ML conferences (e.g., NeurIPS, ICML, CVPR, ICCV, ICLR, SIGGRAPH) is a plus
Our total rewards programs are designed to motivate and engage exceptional talent. The hourly pay rate range for roles at this level is listed below, but may be higher or lower in other states due to geographic differentials in the labor market. Within the hourly pay rate range, individual rates depend on a number of factorsâ€”including the roleâ€™s function and location as well as the individualâ€™s knowledge, skills, experience, education and training. This is part of our comprehensive compensation package with annual bonus eligibility and generous benefits to help you live life well.
Hourly Pay Rate Range
$44â€”$63 USD

Additional Information
Disclosure of Trade Secrets
Samsung has a strict policy on trade secrets. In applying to Samsung and progressing through the recruitment process, you must not disclose any trade secrets of a current or previous employer.
",LinkedIn,https://www.linkedin.com/jobs/collections/recommended/?currentJobId=4246249102,6/28/2025,1259,FALSE
"Machine Learning Engineer, Safeguards",Anthropic,"About Anthropic
Anthropicâ€™s mission is to create reliable, interpretable, and steerable AI systems. We want AI to be safe and beneficial for our users and for society as a whole. Our team is a quickly growing group of committed researchers, engineers, policy experts, and business leaders working together to build beneficial AI systems.

About The Role
We are looking for ML engineers to help build safety and oversight mechanisms for our AI systems. As a Trust and Safety Machine Learning Engineer, you will work to train models which detect harmful behaviors and help ensure user well-being. You will apply your technical skills to uphold our principles of safety, transparency, and oversight while enforcing our terms of service and acceptable use policies.

Responsibilities
Build machine learning models to detect unwanted or anomalous behaviors from users and API partners, and integrate them into our production system
Improve our automated detection and enforcement systems as needed
Analyze user reports of inappropriate accounts and build machine learning models to detect similar instances proactively
Surface abuse patterns to our research teams to harden models at the training stage

You May Be a Good Fit If You
Have 4+ years of experience in a research/ML engineering or an applied research scientist position, preferably with a focus on trust and safety.
Have proficiency in SQL, Python, and data analysis/data mining tools.
Have proficiency in building trust and safety AI/ML systems, such as behavioral classifiers or anomaly detection.
Have strong communication skills and ability to explain complex technical concepts to non-technical stakeholders.
Care about the societal impacts and long-term implications of your work.
Strong Candidates May Also Have Experience With
Machine learning frameworks like Scikit-Learn, TensorFlow, or PyTorch
High-performance, large-scale ML systems
Language modeling with transformers
Reinforcement learning
Large-scale ETL

Annual Salary
The expected salary range for this position is:
$340,000 - $425,000 USD

Logistics
Education requirements: We require at least a Bachelor's degree in a related field or equivalent experience.
Location-based hybrid policy: Currently, we expect all staff to be in one of our offices at least 25% of the time. However, some roles may require more time in our offices.
Visa sponsorship: We do sponsor visas! However, we aren't able to successfully sponsor visas for every role and every candidate. But if we make you an offer, we will make every reasonable effort to get you a visa, and we retain an immigration lawyer to help with this.

We encourage you to apply even if you do not believe you meet every single qualification. Not all strong candidates will meet every single qualification as listed. Research shows that people who identify as being from underrepresented groups are more prone to experiencing imposter syndrome and doubting the strength of their candidacy, so we urge you not to exclude yourself prematurely and to submit an application if you're interested in this work. We think AI systems like the ones we're building have enormous social and ethical implications. We think this makes representation even more important, and we strive to include a range of diverse perspectives on our team.
",Linkedin,https://www.linkedin.com/jobs/collections/recommended/?currentJobId=4186432032,,1260,FALSE
Receptionist - MV Family Care Northrise,MountainView Regional Medical Center,"Job Summary
The Receptionist will work at the Mountain View Family Care Clinic and ensure a positive first impression by welcoming patients, visitors, and staff with professionalism and care. This role oversees front desk operations, handles inquiries, directs visitors, and provides administrative support to maintain an efficient and organized facility environment.

Essential Functions
Greets and welcomes patients, job applicants, vendors, and other visitors, directing them to the appropriate person or department.
Answers, screens, and transfers phone calls to employees, ensuring courteous and accurate communication.
Responds to customer inquiries promptly and professionally, providing information or redirecting as necessary.
Performs general clerical duties, including filing, copying, and composing routine correspondence.
Maintains a clean and organized reception area to ensure a positive first impression for visitors.
Operates standard office equipment, such as copiers, fax machines, and computers, on a regular basis.
Manages scheduling tasks, including appointment setting and meeting coordination, as needed.
Monitors and maintains office supplies, notifying the appropriate personnel of replenishment needs.
Assists with special projects and additional administrative tasks as assigned.
Performs other duties as assigned.
Complies with all policies and standards.

Qualifications
Associate Degree preferred
0-2 years of customer service or office administration experience required
Knowledge, Skills And Abilities
Strong verbal and written communication skills to interact effectively with visitors, staff, and vendors.
Proficiency in using office equipment and basic computer applications, including Microsoft Office Suite.
Excellent organizational and multitasking skills to handle a variety of clerical tasks efficiently.
Professional and courteous demeanor to create a welcoming environment.
Ability to maintain confidentiality and adhere to privacy standards.",Linkedin,https://www.linkedin.com/jobs/search-results/?currentJobId=4256839054&eBP=CwEAAAGXuMsYgwd1N8egMA78LVB0IWHlqnHLiwVC40Xi-MAft34b6mvZaHrWxIFe-muOxvd1FN7F5PGb9Vq5CM4j7-gF9v4hGONA6hX0f97zV4HRr1Z4rzgqUKRna4ceQJBZ6euWM6DHB0aWYNTNw70mHFNrXxyeVzhyFnXgVeCNaNIwmcRWK7f_RbMNd04qNEm0cJI8_hFZYb0Ddf6xJIGfIW7ygO3YqzCe2l3lczxU1mmoVILqbsk_DKQLgzmYGLsEW_2gaxrN5K6BK_7-rRohj_tC8RSIym31JP25mysSWzxlNOJFLWDM7l9jbrlOWbT9i-egcWz2LHwwfsD5u0_ohT34wQZ_Wp7uya9ORcBuY1k8Rl6ryTgWPOfk_T6S2ti0yB4ugJQeKiM7UXSurJVk7eUCZLgqqnmrY9il_nIX4rE8Y7AibmDX1-um1Ny544IkoUZXnfiMg2Nym0WxTwiFxsBJvI7rMO5JNg3qzCuJJA073zYCyk_wGCj26g&keywords=receptionist&origin=JOB_COLLECTION_PAGE_SEARCH_BUTTON&refId=93x%2BPnYPA90zXCvQdXKOJg%3D%3D&trackingId=fdowTzKOA25GJbp9n4fKNg%3D%3D,,1261,FALSE
"FY26: Teacher, Grade 5 (Math), East Silver Spring, ES, 1.0 FTE",Montgomery County Public Schools,"About the job
Summary Description
Under direction of the school principal, plans and provides for appropriate learning experiences for students. Provides an atmosphere and environment conducive to the intellectual, physical, social and emotional development of individuals to ensure Success for Every Student. Supervises students in a variety of school related settings. Monitors and evaluates student outcomes. Communicates and interacts with students, parents, staff and community. Develops, selects and modifies instructional plans and materials to meet the needs of all students. Maintains appropriate records and follows required procedures and practices. Monitors appropriate use and care of equipment, materials and facilities. Physical Demands: As required by the duties and responsibilities of the job. Special Requirements: Required to attend school meetings, programs and activities outside the instructional day as mandated by the MCEA agreement.

Job Specific Information
The wage range for this position is a salary between $62,558 and $127,334 based on education and experience. For information about benefits, please follow the link below. https://drive.google.com/file/d/1nCKtJEqy4w4SLTzmvmVXgE8hPfOBolkb/view
Job
Elementary
Organization
East Silver Spring Elementary School
Primary Location
Silver Spring
Schedule
Full-time
Working Months
10
Shift
Day Job
Job Posting
Jun 27, 2025, 1:22:46 PM

Knowledge Skills Abilities
Knowledge of MCPS curriculum, techniques for integrating curriculum, MCPS policies, and effective instructional practices. Understanding of the teaching/learning process. Ability to provide instruction that reflects multiple perspectives and multicultural education. Ability to infuse technology into curriculum. Ability to work effectively with administrators, colleagues, central office and school based staff, students, parents and community. Excellent oral and written communication and human relations skills.Knowledge and application of the six performance standards that have been established for the Montgomery County Public Schools (MCPS) Teacher Professional Growth System (TPGS), and the Supporting Services (SEIU) Professional Growth System (SSPGS).

Education Training Experience
Bachelor^s degree in applicable field of education from an accredited college or university.Certificate License:Meets Maryland state certification requirements in appropriate field of education.",Linkedin,https://www.linkedin.com/jobs/search-results/?currentJobId=4258597322&eBP=NOT_ELIGIBLE_FOR_CHARGING&keywords=teacher&refId=Xn5021HUt9p4bPBDzLmEKA%3D%3D&trackingId=4PuwmBApLaou5tg%2FxqbMCA%3D%3D,,1262,FALSE
Business Research - Research Analyst - Cairo,Infomineo,"About Us
Infomineo is a fast-growing business insights provider, bringing Brainshoring to global clients across a range of services: Business research, Content Services, Graphic Design, and Data Analytics. Our clients include leading Consultancies, Fortune 500 companies, Governments, and NGOs. Infomineo counts 350+ employees spread across 5 offices covering EMEA and the Americas (Casablanca, Cairo, Dubai, Barcelona and Mexico City).

About This Role
Are you intellectually curious? Do you have a knack for solving puzzles? Do you want to make an impact? If yes, then this role is right for you. As a Business Research Analyst at Infomineo, you'll be responsible for supporting clients with their research needs across different regions and industries.

You will be joining one of our teams and working from the office you've applied to. This is a client-facing role in which you will work closely with clients to answer their business questions through the delivery of outstanding quality research based on credible sources and solid research methodologies. The subjects you will be working on will be rarely the same. You will be challenged in this role, but also supported, by your managers, Professional Development Coach, and peers, to grow and acquire the skills you need to reach your professional potential.

What You Will Do
Analyze research requests and define the best approach to successfully complete them
Gather data, verify it for accuracy, and package it in a structured and easily digestible manner
Assess existing research sources and data collection strategies, while coming up with suggestions when possible
Collaborate with clients and managers on the status of your work
Use your creativity and expertise to support Infomineo's internal development projects

Who You Are
You have the ability to analyze a problem, ask relevant questions, and think outside-of-the-box
You have a passion for business research or consulting
You are someone with 0-2 years of work experience
You hold a Bachelors's degree in Business, Economics, or a similar field
You are at ease when working with figures and concepts that include modeling or correlation analysis
You are a creative self-starter that appreciates working in an entrepreneurial environment
You enjoy collaborating with people and working in teams
You are fully proficient in English and Arabic

What We Offer
A competitive salary
A great working environment & fast-track career trajectory
A healthy work-life balance
Health insurance benefits

Equal opportunity employer
Infomineo is an equal opportunity employer, we prohibit any sort of discrimination (based on color, race, sex, sexual orientation, religion, national origin or any other attributes) in all aspects of employment (recruiting, hiring, wages and salary, promotions, benefits, trainings and job termination).
If you believe you match our requirements and values, we would be happy to hear from you. Visit our website to know more about us, our services and company culture.",Linkedin,https://www.linkedin.com/jobs/view/4249622084/,7/2/2025,1263,FALSE
